"ADM2_PCODE","ADM2_EN","ADM1_PCODE","ADM1_EN","WRA","sf","year","bfpills1","combpills1","inj1","uno1","vasectomy","iud1","ovulation1","condom1","bfpills2","combpills2","inj2","iud2","ovulation2","condom2","anc1","anc4","ancother","tt1","tt2","ttbooster","uno2","delhf","deadhf","lbw","still","vbsup","vbcomp","bba","delcomp","deadnothf","transhop"
101,"Middle Fly District",1,"Western Province",20152,0.20152,2015,139,115,383,3,0,162,6,32,378,556,2649,2,2,116,957,432,2311,228,81,480,3,656,0,35,16,32,5,26,11,2,9
101,"Middle Fly District",1,"Western Province",20152,0.20152,2016,58,66,180,2,41,24,2,223,149,428,1314,0,83,70,464,191,1077,108,42,104,2,319,2,4,3,18,7,19,13,1,4
102,"North Fly District",1,"Western Province",24444,0.24444,2016,387,175,811,8,0,84,106,41,662,2775,9329,3,144,53,1839,743,5683,745,254,1156,8,1309,10,96,19,77,25,71,121,0,33
102,"North Fly District",1,"Western Province",24444,0.24444,2015,345,170,1135,426,2,25,6,12,1023,2547,9490,80,99,16,2781,777,6576,714,331,1150,426,1904,4,91,13,63,8,81,149,0,32
103,"South Fly District",1,"Western Province",15023,0.15023,2016,135,99,354,2,16,0,5,28,865,895,2980,0,72,291,1158,603,2387,344,46,334,2,546,3,99,6,6,7,12,7,8,35
103,"South Fly District",1,"Western Province",15023,0.15023,2015,360,259,669,4,1,9,68,346,1594,1152,3543,0,27,562,1235,626,2161,451,54,406,4,833,0,40,4,6,6,35,5,1,7
201,"Kerema District",2,"Gulf Province",26844,0.26844,2016,31,33,385,2,0,0,25,159,35,102,1553,0,0,44,1594,693,2933,326,64,356,2,528,6,40,16,66,13,126,41,1,18
201,"Kerema District",2,"Gulf Province",26844,0.26844,2015,40,39,413,0,0,0,0,26,51,208,1622,0,2,28,1922,1055,3621,397,92,582,0,837,1,55,26,44,51,180,63,1,52
202,"Kikori District",2,"Gulf Province",13181,0.13181,2015,275,138,308,3,0,46,5,1190,424,587,2532,3,4,3291,858,599,2282,177,43,233,3,788,4,65,18,31,22,77,146,6,15
202,"Kikori District",2,"Gulf Province",13181,0.13181,2016,263,185,537,17,4,12,8,1189,373,565,4274,0,17,2662,1089,541,2355,455,155,380,17,751,2,45,8,36,14,42,107,0,33
301,"Abau District",3,"Central Province",13754,0.13754,2015,31,36,192,2,10,0,3,3,23,195,1201,0,12,8,740,305,1908,263,105,267,2,381,1,3,10,14,4,45,27,1,45
301,"Abau District",3,"Central Province",13754,0.13754,2016,19,47,241,4,1,0,3,8,14,174,1073,0,7,9,675,256,1473,293,36,299,4,375,1,20,11,8,4,9,28,0,18
302,"Goilala District",3,"Central Province",8840,0.0884,2015,8,33,33,1,0,0,2,48,9,24,32,0,1,40,349,116,435,88,102,145,1,66,1,3,3,27,20,38,4,0,1
302,"Goilala District",3,"Central Province",8840,0.0884,2016,4,4,33,2,0,0,0,0,1,5,50,0,0,0,328,83,413,114,39,118,2,49,0,1,1,55,11,39,5,1,6
303,"Kairuku - Hiri District",3,"Central Province",30096,0.30096,2016,39,39,387,48,1,48,4,45,28,130,1727,0,18,61,2243,928,4936,518,186,697,48,1189,1,14,19,39,10,39,60,6,63
303,"Kairuku - Hiri District",3,"Central Province",30096,0.30096,2015,54,40,413,48,0,93,4,51,98,160,1577,10,33,270,2411,938,4868,681,197,901,48,1241,2,20,15,37,28,48,66,1,60
304,"Rigo District",3,"Central Province",14132,0.14132,2016,46,60,223,13,0,2,0,127,139,348,2115,3,8,192,850,304,2255,208,36,249,13,555,1,34,6,17,10,36,41,0,102
304,"Rigo District",3,"Central Province",14132,0.14132,2015,48,62,217,21,0,0,0,8,88,189,1628,0,10,17,753,199,1804,153,27,178,21,544,4,37,17,16,7,36,24,1,73
401,"National Capital District",4,"National Capital District",88708,0.88708,2016,336,367,2590,15,3,42,95,151,438,4943,22417,80,104,491,11966,5825,29444,4082,1790,6021,15,14359,0,1200,30,3,0,408,106,0,35
401,"National Capital District",4,"National Capital District",88708,0.88708,2015,411,417,1863,31,0,77,133,50,466,4104,18634,19,174,370,8240,3777,23229,3092,1461,4561,31,0,0,0,0,0,0,0,0,0,0
501,"Alotau District",5,"Milne Bay Province",24871,0.24871,2016,114,140,672,18,4,17,9,148,110,999,4007,1,355,22,2175,1756,10764,977,480,1182,18,2381,1,322,60,15,31,74,324,1,41
501,"Alotau District",5,"Milne Bay Province",24871,0.24871,2015,184,159,683,54,3,2,40,88,188,1001,3881,0,29,95,2500,1816,11505,1005,606,1547,54,2444,2,281,59,46,47,81,377,0,72
502,"Samarai-Murua District",5,"Milne Bay Province",14909,0.14909,2016,102,78,499,42,5,0,3,20,99,454,1748,0,38,491,1398,950,6332,431,229,663,42,1000,1,108,22,70,27,47,153,1,73
502,"Samarai-Murua District",5,"Milne Bay Province",14909,0.14909,2015,115,75,491,16,14,20,2,234,266,590,1652,0,108,87,1466,952,6061,423,218,748,16,1075,2,126,31,27,19,35,151,9,42
503,"Kiriwina-Goodenough District",5,"Milne Bay Province",16067,0.16067,2016,127,96,275,19,11,21,26,30,497,1222,2250,0,14,11,1781,1202,6331,517,263,1013,19,842,4,85,13,229,14,38,154,1,61
503,"Kiriwina-Goodenough District",5,"Milne Bay Province",16067,0.16067,2015,206,241,382,9,0,3,152,130,482,1602,2193,0,768,27,1816,1165,6432,566,280,842,9,875,5,83,21,327,22,36,139,3,49
504,"Esa'ala District",5,"Milne Bay Province",13699,0.13699,2016,55,79,396,15,19,8,3,38,42,398,1880,0,587,166,1207,797,4431,372,206,665,15,882,1,119,19,18,30,46,102,2,61
504,"Esa'ala District",5,"Milne Bay Province",13699,0.13699,2015,42,31,465,14,0,28,6,33,36,297,1668,4,624,51,1122,759,5185,351,199,724,14,893,1,100,26,67,29,48,125,2,50
601,"Ijivitari District",6,"Northern (Oro) Province",24917,0.24917,2016,80,75,547,40,0,4,3,241,110,458,3763,9,165,289,2144,955,8454,754,461,739,40,1917,7,122,48,62,11,124,263,0,211
601,"Ijivitari District",6,"Northern (Oro) Province",24917,0.24917,2015,182,181,471,45,0,4,11,497,363,906,3690,1,59,423,2509,1120,7798,981,568,910,45,2163,3,215,65,59,17,182,327,0,266
602,"Sohe District",6,"Northern (Oro) Province",21783,0.21783,2016,80,101,374,50,0,59,1,290,89,464,2739,30,1,203,1299,580,2813,375,96,413,50,266,1,3,2,44,2,14,6,1,221
602,"Sohe District",6,"Northern (Oro) Province",21783,0.21783,2015,130,119,590,73,0,23,112,46,171,410,2468,42,11,101,1623,880,3138,727,288,716,73,412,0,4,0,68,9,36,22,1,219
701,"Ialibu/Pangia District",7,"Southern Highlands Province",16016,0.16016,2016,147,125,529,0,0,5,6,10,446,1402,3651,0,222,871,1073,292,1964,424,167,482,0,534,0,25,8,10,10,30,32,0,26
701,"Ialibu/Pangia District",7,"Southern Highlands Province",16016,0.16016,2015,156,211,683,0,0,0,37,146,235,1275,3066,0,13,462,1340,378,2358,652,347,597,0,598,1,23,6,0,13,44,20,1,44
702,"Imbonggu District",7,"Southern Highlands Province",20826,0.20826,2016,77,44,175,0,0,0,12,77,507,552,1637,0,0,51,713,523,1035,308,115,267,0,260,0,4,1,23,10,19,6,0,34
702,"Imbonggu District",7,"Southern Highlands Province",20826,0.20826,2015,141,72,226,7,0,12,11,270,542,600,1537,64,7,127,812,594,902,348,102,202,7,283,0,3,1,19,6,10,9,0,21
703,"Kagua/Erave District",7,"Southern Highlands Province",18377,0.18377,2015,163,121,354,0,6,0,4,354,342,1059,2401,0,64,219,1063,382,1824,470,112,397,0,243,0,4,3,2,13,27,11,2,15
703,"Kagua/Erave District",7,"Southern Highlands Province",18377,0.18377,2016,237,146,278,1,0,0,1,166,585,869,2003,0,4,280,837,371,1653,326,89,305,1,185,1,2,8,0,9,30,11,0,6
706,"Mendi/Munihu District",7,"Southern Highlands Province",36556,0.36556,2015,409,417,957,5,1,17,21,474,2066,2104,1542,0,44,576,1993,597,3107,525,175,608,5,2418,1,164,49,12,8,58,354,0,35
706,"Mendi/Munihu District",7,"Southern Highlands Province",36556,0.36556,2016,379,589,709,1,0,0,7,461,857,5490,2569,1,18,615,2106,787,4069,583,274,1249,1,2136,6,130,22,24,4,71,258,0,24
707,"Nipa/Kutubu District",7,"Southern Highlands Province",37507,0.37507,2015,447,294,598,31,0,0,60,194,819,1555,2908,0,103,167,1908,1052,3731,676,414,746,31,802,2,36,32,46,17,166,54,2,81
707,"Nipa/Kutubu District",7,"Southern Highlands Province",37507,0.37507,2016,341,242,783,37,0,4,41,109,691,1780,3281,0,71,414,1904,908,3374,607,328,699,37,824,1,36,27,85,19,175,57,1,61
801,"Kandep District",8,"Enga Province",18387,0.18387,2016,47,42,74,4,0,8,65,222,24,102,68,0,25,40,676,190,647,252,77,305,4,100,0,0,1,22,2,25,1,1,4
801,"Kandep District",8,"Enga Province",18387,0.18387,2015,81,76,68,0,3,0,55,46,68,85,76,0,57,15,468,200,474,129,84,118,0,62,0,3,1,40,2,45,3,0,18
802,"Kompiam District",8,"Enga Province",13739,0.13739,2015,47,163,339,334,168,68,159,659,111,378,1053,75,89,1030,1044,540,1344,444,130,469,334,509,8,26,11,35,3,70,47,0,30
802,"Kompiam District",8,"Enga Province",13739,0.13739,2016,54,154,226,43,5,59,253,1140,62,372,1341,3,267,1230,1028,603,1797,478,240,568,43,535,3,21,8,55,16,37,71,2,70
803,"Lagaip/Pogera District",8,"Enga Province",39960,0.3996,2015,196,136,161,71,123,10,6,14,254,821,738,0,16,8,2486,1051,3131,824,268,1280,71,1319,2,97,21,13,10,116,145,13,52
803,"Lagaip/Pogera District",8,"Enga Province",39960,0.3996,2016,153,157,267,0,1,122,19,85,174,684,665,22,13,28,2623,1220,3369,941,317,1568,0,1053,4,87,23,8,10,101,104,5,45
804,"Wabag District",8,"Enga Province",18524,0.18524,2016,65,143,445,131,0,137,25,0,47,596,1013,0,8,54,1389,246,2048,498,116,605,131,1680,2,2,2,0,14,75,140,0,4
804,"Wabag District",8,"Enga Province",18524,0.18524,2015,46,179,261,162,98,0,0,30,76,389,1192,0,0,0,1290,210,1739,536,74,571,162,1290,1,13,23,25,12,75,108,8,29
805,"Wapenamanda District",8,"Enga Province",18058,0.18058,2016,71,176,451,69,18,271,174,268,82,850,1302,4,52,202,1067,594,1912,450,192,606,69,640,1,15,7,8,2,66,108,0,21
805,"Wapenamanda District",8,"Enga Province",18058,0.18058,2015,88,174,404,371,252,26,43,149,113,1016,1694,28,51,132,1420,442,1936,451,140,609,371,680,2,32,16,5,2,52,99,1,62
902,"Dei District",9,"Western Highlands Province",20802,0.20802,2016,58,229,425,30,0,15,26,1328,82,490,2809,13,14,811,1177,688,2381,509,249,560,30,544,0,4,3,12,9,54,24,0,102
902,"Dei District",9,"Western Highlands Province",20802,0.20802,2015,70,169,463,37,0,13,16,501,60,391,1929,24,43,649,1079,598,2171,613,391,487,37,462,0,13,4,22,2,31,26,3,102
903,"Mt Hagen District",9,"Western Highlands Province",31708,0.31708,2016,29,77,366,3,0,0,27,11,36,554,2478,0,42,4,764,332,1292,290,120,284,3,282,1,4,1,2,6,27,11,0,15
903,"Mt Hagen District",9,"Western Highlands Province",31708,0.31708,2015,47,92,364,0,0,0,142,7,70,560,1952,0,6,7,747,386,1410,240,87,310,0,272,0,0,4,2,9,10,15,0,26
907,"Tambul/Nebilyer District",9,"Western Highlands Province",19754,0.19754,2016,51,125,549,23,0,0,65,98,64,519,3988,0,8,128,1587,628,2951,555,199,665,23,580,3,2,6,0,24,20,18,0,29
907,"Tambul/Nebilyer District",9,"Western Highlands Province",19754,0.19754,2015,84,104,574,7,2,30,94,116,58,482,3225,0,24,58,1581,719,3363,478,208,616,7,532,0,10,7,6,10,8,23,0,70
1001,"Chuave District",10,"Chimbu (Simbu) Province",9888,0.09888,2016,357,107,587,37,7,0,12,506,227,386,1364,0,23,413,909,494,1705,367,201,501,37,510,0,13,33,6,1,7,28,0,44
1001,"Chuave District",10,"Chimbu (Simbu) Province",9888,0.09888,2015,116,61,300,63,18,5,5,795,153,295,1284,0,5,577,867,424,1745,425,138,430,63,453,0,16,13,13,1,15,30,0,14
1002,"Gumine District",10,"Chimbu (Simbu) Province",14003,0.14003,2015,34,37,145,5,0,10,4,1,33,90,407,0,0,0,554,187,1305,195,54,311,5,286,0,1,0,0,2,1,3,0,12
1002,"Gumine District",10,"Chimbu (Simbu) Province",14003,0.14003,2016,63,45,253,2,0,0,3,40,79,119,571,0,15,4,629,335,1536,287,72,310,2,286,0,0,0,0,0,0,5,0,16
1003,"Karimui/Nomane District",10,"Chimbu (Simbu) Province",12995,0.12995,2015,66,64,341,6,63,51,34,64,131,147,863,8,81,88,652,417,619,264,248,254,6,185,0,5,1,23,3,36,16,0,25
1003,"Karimui/Nomane District",10,"Chimbu (Simbu) Province",12995,0.12995,2016,77,81,402,70,23,9,16,173,75,109,645,2,24,215,579,345,848,184,109,197,70,180,0,9,6,1,2,30,18,0,29
1004,"Kerowagi District",10,"Chimbu (Simbu) Province",30686,0.30686,2016,145,164,554,18,0,0,12,215,71,155,1391,0,2,266,1770,970,3923,622,275,813,18,1142,0,21,9,3,0,31,150,0,205
1004,"Kerowagi District",10,"Chimbu (Simbu) Province",30686,0.30686,2015,178,156,464,63,4,21,86,307,119,260,1231,0,37,285,1676,972,3177,649,232,1079,63,1324,1,33,10,49,5,34,135,1,278
1005,"Kundiawa/Gembogl District",10,"Chimbu (Simbu) Province",19455,0.19455,2016,241,269,995,1,63,674,6,720,360,970,2542,10,12,551,1940,896,5604,647,332,971,1,2571,1,142,76,27,2,31,590,2,85
1005,"Kundiawa/Gembogl District",10,"Chimbu (Simbu) Province",19455,0.19455,2015,389,488,991,52,81,341,0,1783,353,817,2700,43,1,990,1979,739,5953,710,287,985,52,2495,7,235,73,6,4,143,596,2,69
1006,"Sina Sina Yonggomugl District",10,"Chimbu (Simbu) Province",14287,0.14287,2015,46,121,157,1,0,0,2,77,66,236,447,0,6,45,341,250,749,175,147,225,1,129,0,2,1,0,2,12,14,0,10
1006,"Sina Sina Yonggomugl District",10,"Chimbu (Simbu) Province",14287,0.14287,2016,96,184,205,0,1,28,8,209,111,251,568,0,0,146,454,306,1034,288,176,422,0,228,0,3,0,2,0,30,3,0,17
1101,"Daulo District",11,"Eastern Highlands Province",11399,0.11399,2016,30,93,208,1,0,13,3,42,68,337,968,0,0,64,732,681,1930,281,98,410,1,405,0,4,2,5,1,6,7,0,45
1101,"Daulo District",11,"Eastern Highlands Province",11399,0.11399,2015,50,69,186,0,0,57,1,6,76,258,864,0,4,76,814,513,2236,249,107,404,0,416,0,2,1,3,2,2,5,1,35
1102,"Goroka District",11,"Eastern Highlands Province",26254,0.26254,2016,462,254,770,14,115,410,12,928,985,6322,4321,96,3,222,3915,2353,14046,1975,1157,2176,14,4385,25,237,83,0,4,98,778,0,721
1102,"Goroka District",11,"Eastern Highlands Province",26254,0.26254,2015,395,254,985,20,130,582,29,250,1190,5348,5422,270,69,1630,3055,1573,8766,1286,868,1490,20,4734,10,0,47,0,1,24,505,0,1
1103,"Henganofi District",11,"Eastern Highlands Province",15930,0.1593,2016,171,233,531,24,10,68,4,428,451,1615,1975,14,50,475,1405,873,3002,852,334,850,24,471,1,14,6,86,1,14,58,3,27
1103,"Henganofi District",11,"Eastern Highlands Province",15930,0.1593,2015,311,250,438,15,14,151,3,438,534,1230,1960,14,3,716,1290,1187,2237,894,340,751,15,455,0,37,3,124,14,14,26,0,36
1104,"Kainanatu District",11,"Eastern Highlands Province",31715,0.31715,2016,271,220,470,2,42,58,0,95,377,1486,2678,2,20,260,2033,1110,3996,745,274,993,2,1513,1,85,38,67,6,60,182,4,79
1104,"Kainanatu District",11,"Eastern Highlands Province",31715,0.31715,2015,282,195,398,3,53,43,5,57,319,1376,2240,3,8,73,1612,853,3589,642,338,942,3,1420,2,93,31,142,3,52,132,0,98
1105,"Lufa District",11,"Eastern Highlands Province",15357,0.15357,2016,104,109,269,0,12,45,0,32,168,545,1026,0,5,30,889,565,1989,376,162,442,0,265,0,3,3,3,2,9,0,0,9
1105,"Lufa District",11,"Eastern Highlands Province",15357,0.15357,2015,80,130,197,5,24,201,1,56,129,518,926,1,11,65,850,492,2029,436,133,556,5,214,3,5,2,12,6,5,3,3,17
1106,"Obura/Wonenara District",11,"Eastern Highlands Province",10156,0.10156,2015,419,467,730,7,154,138,5,540,469,1002,1809,35,16,292,1656,936,3177,659,282,400,7,499,0,15,3,203,29,20,37,0,71
1106,"Obura/Wonenara District",11,"Eastern Highlands Province",10156,0.10156,2016,430,360,534,10,51,39,7,91,613,970,1847,1,9,46,1436,703,2348,4999,192,377,10,488,1,3,9,87,13,45,34,3,36
1107,"Okapa District",11,"Eastern Highlands Province",18459,0.18459,2016,193,255,416,0,13,41,0,355,402,983,1633,0,25,451,947,463,1508,512,255,339,0,214,0,10,1,10,7,35,8,2,9
1107,"Okapa District",11,"Eastern Highlands Province",18459,0.18459,2015,231,164,309,30,26,33,0,208,326,517,1400,0,0,417,695,335,986,420,168,254,30,156,0,3,1,4,15,8,4,2,8
1108,"Unggai/Benna District",11,"Eastern Highlands Province",16807,0.16807,2015,14,18,41,65,26,105,7,53,15,98,188,27,9,135,351,318,582,239,77,124,65,96,0,5,2,4,6,20,19,0,27
1108,"Unggai/Benna District",11,"Eastern Highlands Province",16807,0.16807,2016,38,43,72,46,11,21,4,254,50,107,175,22,3,112,302,253,503,205,104,113,46,82,0,3,5,1,2,10,11,0,22
1201,"Bulolo District",12,"Morobe Province",25546,0.25546,2015,245,312,528,7,2,125,35,203,217,1045,3804,0,6,227,2430,739,3497,868,380,959,7,408,1,6,5,217,7,12,16,1,30
1201,"Bulolo District",12,"Morobe Province",25546,0.25546,2016,223,200,556,11,0,11,25,98,197,1233,3823,0,4,147,1708,545,2751,551,208,1272,11,357,3,2,8,238,20,51,11,3,14
1202,"Finschafen District",12,"Morobe Province",13751,0.13751,2016,99,100,342,40,0,6,25,92,122,157,1044,0,24,128,942,631,2011,508,243,967,40,599,2,32,6,175,12,52,62,1,35
1202,"Finschafen District",12,"Morobe Province",13751,0.13751,2015,119,128,383,36,0,30,3,1242,92,191,1067,0,17,1059,996,584,1543,381,247,514,36,413,5,14,11,6,7,29,9,3,52
1203,"Huon District",12,"Morobe Province",19509,0.19509,2016,75,67,246,56,0,0,7,42,85,407,1567,0,0,431,1313,416,2523,393,184,853,56,54,0,1,0,139,5,19,8,1,27
1203,"Huon District",12,"Morobe Province",19509,0.19509,2015,45,107,149,14,0,8,12,288,36,470,1106,0,28,101,1220,384,2324,390,136,790,14,70,1,3,1,37,14,14,2,0,28
1204,"Kabwum District",12,"Morobe Province",10934,0.10934,2016,33,60,139,0,0,2,24,24,53,302,1345,0,2,5,501,278,1591,210,192,496,0,150,0,1,0,216,7,62,4,0,7
1204,"Kabwum District",12,"Morobe Province",10934,0.10934,2015,51,133,217,6,3,4,1,38,115,569,1194,0,9,27,558,325,1729,220,72,173,6,163,1,1,3,181,4,14,2,1,3
1205,"Lae District",12,"Morobe Province",37460,0.3746,2015,488,329,776,1,2,4,12,40,809,5378,6787,0,110,129,3726,1682,9531,1642,691,2098,1,1800,0,393,110,38,2,131,17,0,0
1205,"Lae District",12,"Morobe Province",37460,0.3746,2016,378,329,982,40,1,6,14,38,580,5103,8230,0,47,154,3360,1621,7895,1322,609,2148,40,4946,32,642,99,40,0,268,26,30,16
1206,"Markham District",12,"Morobe Province",15719,0.15719,2016,140,69,331,80,11,0,16,22,212,1119,2653,0,0,43,1007,592,2566,448,399,961,80,449,0,43,8,197,15,25,26,2,14
1206,"Markham District",12,"Morobe Province",15719,0.15719,2015,180,128,349,1,18,63,0,471,603,1674,2959,7,2,117,1656,915,7682,773,463,1055,1,568,0,31,15,123,10,43,54,1,18
1207,"Menyamya District",12,"Morobe Province",21935,0.21935,2016,85,71,317,98,15,22,11,212,62,162,1589,0,23,569,1281,607,2213,449,258,592,98,582,0,30,5,352,68,15,31,0,58
1207,"Menyamya District",12,"Morobe Province",21935,0.21935,2015,104,69,411,22,15,21,10,422,108,325,1135,0,2,356,1211,558,2973,371,145,383,22,336,1,50,10,167,62,21,23,2,14
1208,"Nawae District",12,"Morobe Province",11207,0.11207,2016,51,28,148,0,1,0,6,20,96,424,1163,0,126,18,879,466,2078,287,153,669,0,280,0,8,1,36,2,25,20,1,43
1208,"Nawae District",12,"Morobe Province",11207,0.11207,2015,73,64,173,0,2,29,3,104,96,476,1932,0,0,129,1033,548,2439,369,239,486,0,289,1,6,5,50,3,13,29,2,29
1209,"Tawae/Siassi District",12,"Morobe Province",13667,0.13667,2016,83,113,417,5,0,0,71,452,70,201,1001,0,0,270,672,385,1462,283,153,696,5,671,1,46,14,103,24,124,46,0,25
1209,"Tawae/Siassi District",12,"Morobe Province",13667,0.13667,2015,92,95,343,0,42,0,36,387,152,227,1473,0,1,603,837,518,2065,306,238,403,0,458,3,41,32,120,10,14,75,12,39
1301,"Bogia District",13,"Madang Province",18881,0.18881,2016,80,107,228,0,1,0,12,70,112,242,1019,9,5,130,1422,428,1973,498,154,696,0,415,4,65,13,38,34,36,29,8,34
1301,"Bogia District",13,"Madang Province",18881,0.18881,2015,37,39,507,3,30,76,3,25,26,166,899,121,1,36,1582,427,2287,523,129,784,3,458,0,68,17,15,31,44,34,2,26
1302,"Madang District",13,"Madang Province",27913,0.27913,2016,495,696,1699,83,12,11,20,48,697,1225,5983,4,34,10,3767,2009,8188,2108,1237,2598,83,3696,5,550,189,33,4,204,664,2,81
1302,"Madang District",13,"Madang Province",27913,0.27913,2015,736,852,2271,154,8,10,23,247,1014,1423,4989,2,71,108,4454,2518,7561,2989,1574,3230,154,2084,12,399,36,73,5,183,360,1,40
1303,"Middle Ramu District",13,"Madang Province",20110,0.2011,2016,23,19,123,1,0,0,4,40,81,136,518,0,1,12,991,372,1107,268,45,106,1,188,1,6,8,13,10,24,12,3,8
1303,"Middle Ramu District",13,"Madang Province",20110,0.2011,2015,42,28,302,0,0,12,8,26,180,294,723,0,0,17,1100,435,1837,328,64,186,0,316,1,13,6,0,20,24,11,5,8
1304,"Rai Coast District",13,"Madang Province",21139,0.21139,2016,64,91,191,1,4,3,0,11,129,308,846,4,0,24,770,433,1441,263,68,180,1,258,0,10,4,17,13,30,8,1,10
1304,"Rai Coast District",13,"Madang Province",21139,0.21139,2015,126,192,290,29,6,12,18,486,169,429,888,5,22,245,813,715,1608,226,83,198,29,289,0,22,16,53,26,32,22,2,18
1305,"Sumkar District",13,"Madang Province",20920,0.2092,2016,93,132,641,6,2,0,2,95,132,375,2240,0,22,106,1439,527,2523,648,193,637,6,976,3,113,19,35,14,45,62,2,19
1305,"Sumkar District",13,"Madang Province",20920,0.2092,2015,61,59,299,0,0,1,7,5,46,251,1746,0,16,12,1578,638,3083,589,207,558,0,972,1,120,23,24,7,33,106,1,26
1306,"Usino Bundi District",13,"Madang Province",14873,0.14873,2015,33,142,915,4,4,12,2,36,70,503,1665,20,10,108,1533,623,3379,523,185,551,4,885,1,31,15,48,5,74,112,3,60
1306,"Usino Bundi District",13,"Madang Province",14873,0.14873,2016,49,110,670,5,6,13,12,42,110,571,1886,27,40,100,1428,550,2819,465,199,661,5,799,3,31,6,3,11,53,104,0,37
1401,"Ambunti/Drekikier District",14,"East Sepik Province",18707,0.18707,2015,72,57,227,0,0,0,1,17,174,333,1518,0,6,43,708,162,932,366,277,181,0,149,1,4,3,7,0,11,6,1,1
1401,"Ambunti/Drekikier District",14,"East Sepik Province",18707,0.18707,2016,90,70,312,2,0,0,0,30,109,530,1329,0,1,21,617,197,725,329,90,240,2,104,2,5,3,0,1,9,10,0,3
1402,"Angoram District",14,"East Sepik Province",25049,0.25049,2016,69,100,279,3,0,0,0,81,71,431,1554,0,0,92,1030,411,1359,241,117,250,3,318,0,14,10,71,18,21,23,3,8
1402,"Angoram District",14,"East Sepik Province",25049,0.25049,2015,111,101,220,3,1,0,24,37,64,278,1151,0,10,65,1343,381,1698,522,128,376,3,320,1,21,6,33,12,27,11,3,9
1403,"Maprik District",14,"East Sepik Province",19023,0.19023,2016,131,154,410,2,1,0,3,932,282,1938,2835,0,43,1476,1357,441,3325,305,247,512,2,700,1,58,7,2,6,55,28,0,25
1403,"Maprik District",14,"East Sepik Province",19023,0.19023,2015,148,168,401,2,0,0,18,486,297,2347,2027,0,9,75,1469,465,2986,1138,1564,261,2,767,2,101,22,13,12,62,27,1,30
1404,"Wewak District",14,"East Sepik Province",22954,0.22954,2015,119,52,116,4,3,0,8,52,196,692,556,0,2,64,1236,633,3706,485,304,697,4,2253,7,86,62,32,1,131,132,0,54
1404,"Wewak District",14,"East Sepik Province",22954,0.22954,2016,132,38,144,4,13,0,2,50,119,745,578,0,0,33,1101,394,2939,358,185,529,4,2237,1,14,77,0,3,131,248,7,17
1405,"Wosera Gawi District",14,"East Sepik Province",16361,0.16361,2016,18,30,126,0,0,0,0,8,15,37,755,0,0,24,970,350,1927,221,72,276,0,271,6,18,6,1,8,18,11,1,7
1405,"Wosera Gawi District",14,"East Sepik Province",16361,0.16361,2015,8,14,112,1,0,5,0,17,15,63,869,0,0,3,824,262,1744,272,184,362,1,305,2,15,3,4,11,20,20,1,2
1406,"Yangoru Saussia District",14,"East Sepik Province",15527,0.15527,2016,35,84,262,4,4,0,55,296,9,177,1072,0,29,16,820,311,1524,244,141,447,4,388,0,51,11,8,8,30,56,1,21
1406,"Yangoru Saussia District",14,"East Sepik Province",15527,0.15527,2015,37,83,150,6,0,0,30,14,62,348,780,0,66,12,1018,368,1987,307,179,492,6,409,2,51,20,10,16,24,66,0,33
1501,"Aitape/Lumi District",15,"West Sepik (Sandaun) Province",18393,0.18393,2016,28,37,472,5,17,0,2,16,77,174,2685,0,1,23,1353,678,3514,473,260,675,5,1198,9,116,40,20,24,88,110,4,35
1501,"Aitape/Lumi District",15,"West Sepik (Sandaun) Province",18393,0.18393,2015,79,185,373,1,14,3,5,24,141,628,1940,16,1,38,1195,602,3436,446,242,746,1,832,5,129,39,43,41,66,156,10,36
1502,"Nuku District",15,"West Sepik (Sandaun) Province",14900,0.149,2016,61,51,325,0,0,33,8,1,66,193,2729,14,7,18,1159,483,3006,364,116,416,0,372,5,29,16,18,5,45,28,2,43
1502,"Nuku District",15,"West Sepik (Sandaun) Province",14900,0.149,2015,93,73,287,0,0,265,30,3,147,749,2637,12,6,11,1348,585,3328,446,111,571,0,508,2,65,15,24,11,84,28,0,58
1503,"Telefomin District",15,"West Sepik (Sandaun) Province",12658,0.12658,2016,64,115,306,1,2,10,0,35,78,291,1337,9,3,51,546,198,598,228,54,149,1,166,2,10,3,104,6,30,4,4,10
1503,"Telefomin District",15,"West Sepik (Sandaun) Province",12658,0.12658,2015,74,101,252,0,2,9,1,12,96,187,765,0,2,48,518,217,545,342,139,335,0,227,0,8,9,93,6,26,9,0,14
1504,"Vanimo/Green River District",15,"West Sepik (Sandaun) Province",17264,0.17264,2016,274,15,412,0,8,0,2,0,40,60,2465,0,2,2,1470,514,3415,498,114,510,0,1092,3,155,29,83,34,75,53,0,43
1504,"Vanimo/Green River District",15,"West Sepik (Sandaun) Province",17264,0.17264,2015,26,24,333,5,0,16,0,2,28,61,1624,0,3,1,4617,779,3382,460,96,517,5,1248,5,122,30,93,93,187,138,1,42
1601,"Manus District",16,"Manus Province",15366,0.15366,2016,34,25,318,38,4,16,28,146,29,121,1234,4,5,213,1195,783,3911,346,147,468,38,926,0,91,19,34,10,48,77,4,23
1601,"Manus District",16,"Manus Province",15366,0.15366,2015,27,20,280,15,7,39,36,87,22,69,1526,38,26,77,1264,643,3441,318,143,545,15,1161,1,144,16,22,23,43,232,0,28
1701,"Kavieng District",17,"New Ireland Province",20809,0.20809,2016,7,9,136,13,0,17,1,12,3,24,857,2,0,51,1474,876,5595,393,289,1855,13,1380,2,156,54,70,19,83,205,2,109
1701,"Kavieng District",17,"New Ireland Province",20809,0.20809,2015,6,25,183,12,0,23,42,81,1,66,949,0,55,13,1701,1227,7641,443,329,896,12,979,1,77,20,68,22,79,104,0,50
1702,"Namatanai District",17,"New Ireland Province",27176,0.27176,2015,3,10,232,20,0,65,46,80,4,9,953,64,99,45,2160,1344,6927,458,285,1044,20,1353,4,63,28,116,40,49,125,0,102
1702,"Namatanai District",17,"New Ireland Province",27176,0.27176,2016,3,15,344,37,1,108,33,21,2,27,1330,1,54,57,2559,1524,8709,1188,910,1142,37,1975,3,112,45,175,62,87,181,2,125
1801,"Gazelle District",18,"East New Britain Province",32954,0.32954,2015,41,51,270,36,0,30,2,31,54,168,1409,0,12,38,3873,2283,12848,1102,1127,2348,36,2451,4,106,30,107,81,159,221,0,94
1801,"Gazelle District",18,"East New Britain Province",32954,0.32954,2016,17,21,310,74,0,53,1,3,24,88,1279,0,0,4,3510,2208,11758,1209,882,2033,74,2210,1,108,37,69,92,143,304,0,143
1802,"Kokopo District",18,"East New Britain Province",22294,0.22294,2016,81,27,217,21,0,0,3524,48,21,164,1042,0,1646,63,1958,1208,8018,554,618,2282,21,2445,3,49,51,1,1,18,321,2,77
1802,"Kokopo District",18,"East New Britain Province",22294,0.22294,2015,32,67,962,23,0,10,1213,30,39,250,1065,0,1047,65,2222,1022,7659,562,478,2463,23,2498,8,23,30,9,2,21,339,7,213
1803,"Pomio District",18,"East New Britain Province",18325,0.18325,2016,10,18,216,0,0,85,2,240,6,69,532,0,2,46,1693,965,4539,459,240,1002,0,1190,2,65,17,106,14,63,169,4,31
1803,"Pomio District",18,"East New Britain Province",18325,0.18325,2015,23,28,186,11,50,51,340,294,16,164,694,0,23,36,1954,1102,5718,516,282,925,11,1268,2,50,19,103,11,48,158,3,39
1804,"Rabaul District",18,"East New Britain Province",10063,0.10063,2015,103,40,231,10,2,79,1,169,14,118,908,3,2,0,1243,793,3579,365,193,681,10,2345,1,231,58,15,0,96,250,1,148
1804,"Rabaul District",18,"East New Britain Province",10063,0.10063,2016,45,29,328,25,0,46,3,35,8,64,982,0,0,2,1128,656,2786,343,189,567,25,2376,11,382,101,0,0,104,266,0,201
1901,"Kandrian/Gloucester District",19,"West New Britain Province",18787,0.18787,2016,47,66,264,7,10,0,26,36,81,240,1093,0,17,41,1896,869,4635,406,132,696,7,892,4,30,31,88,23,97,80,1,22
1901,"Kandrian/Gloucester District",19,"West New Britain Province",18787,0.18787,2015,105,118,301,27,10,191,48,125,173,428,981,12,25,99,1834,856,4225,316,168,612,27,785,4,30,16,107,14,108,68,1,34
1902,"Talasea District",19,"West New Britain Province",46882,0.46882,2016,235,233,774,261,8,109,13,382,379,1749,4789,5,42,1092,5864,3157,20348,1780,887,3646,261,5278,0,401,140,181,45,198,725,1,487
1902,"Talasea District",19,"West New Britain Province",46882,0.46882,2015,413,314,828,421,30,495,32,513,681,2022,3943,179,52,827,6477,3319,18333,2062,1288,4015,421,4301,4,351,110,72,26,202,453,2,248
2001,"North Bougainville District",20,"Autonomous Region of Bougainville",27872,0.27872,2016,23,22,159,24,1,33,38,85,54,129,407,2,241,119,779,399,2166,328,208,397,24,440,2,2,11,20,4,10,106,0,46
2001,"North Bougainville District",20,"Autonomous Region of Bougainville",27872,0.27872,2015,94,63,111,38,1,6,1,666,128,209,509,3,307,288,882,507,2073,544,337,314,38,581,4,32,28,24,0,24,115,2,38
2002,"Central Bougainville District",20,"Autonomous Region of Bougainville",14754,0.14754,2016,14,7,207,24,0,0,48,70,7,60,663,0,99,78,1712,833,5217,421,187,791,24,1502,2,73,44,31,10,78,159,0,55
2002,"Central Bougainville District",20,"Autonomous Region of Bougainville",14754,0.14754,2015,22,95,130,3,0,0,2,7,56,120,488,1,5,32,1605,828,4816,455,216,858,3,1288,2,58,40,24,5,88,142,0,84
2003,"South Bougainville District",20,"Autonomous Region of Bougainville",20971,0.20971,2016,14,12,135,8,0,4,8,54,9,30,617,13,8,141,1337,652,2704,398,144,378,8,831,0,48,19,31,0,27,55,0,32
2003,"South Bougainville District",20,"Autonomous Region of Bougainville",20971,0.20971,2015,9,10,142,8,1,0,2,107,30,52,913,0,1,131,1130,581,2458,383,166,425,8,838,0,33,20,2,0,28,21,0,26
2104,"Komo/Magarima District",21,"Hela Province",24478,0.24478,2015,502,392,667,0,0,0,53,7147,704,759,1194,0,28,6586,1613,862,2316,789,262,595,0,943,1,19,21,40,7,111,38,2,82
2104,"Komo/Magarima District",21,"Hela Province",24478,0.24478,2016,318,347,466,0,0,10,55,3813,436,687,1136,0,2,3289,1601,829,2370,596,202,576,0,837,0,11,16,39,9,122,48,3,44
2105,"Koroba/Kopiago District",21,"Hela Province",18538,0.18538,2016,170,231,347,2,0,0,67,147,351,734,1316,0,92,280,1420,1113,2873,437,284,548,2,720,1,13,6,139,8,90,17,0,29
2105,"Koroba/Kopiago District",21,"Hela Province",18538,0.18538,2015,172,177,292,0,0,1,998,9234,338,652,1136,0,140,2094,1424,759,2768,566,332,563,0,747,4,10,9,163,6,121,25,2,18
2108,"Tari/Pori District",21,"Hela Province",20155,0.20155,2015,453,489,618,0,0,0,18,264,1452,1737,2148,0,45,194,1715,676,3407,643,354,1105,0,1384,1,42,11,32,1,124,75,1,27
2108,"Tari/Pori District",21,"Hela Province",20155,0.20155,2016,266,197,317,0,0,39,26,143,1264,1575,1931,0,36,170,1644,514,2805,568,201,951,0,1319,0,41,20,11,2,136,85,0,29
2201,"Anglimp/South Waghi District",22,"Jiwaka Province",24191,0.24191,2015,201,194,685,1,0,0,21,2185,343,1112,3969,0,4,1116,1574,554,2472,525,288,868,1,1868,4,98,47,25,5,26,323,0,65
2201,"Anglimp/South Waghi District",22,"Jiwaka Province",24191,0.24191,2016,196,228,886,0,0,0,65,663,396,1422,4596,0,80,526,1703,834,3373,674,340,4625,0,1881,1,112,28,5,5,38,456,0,13
2204,"Jimi District",22,"Jiwaka Province",17815,0.17815,2016,64,78,237,7,0,0,39,291,117,433,1482,0,66,921,612,298,889,275,92,180,7,244,2,13,7,40,11,26,32,6,26
2204,"Jimi District",22,"Jiwaka Province",17815,0.17815,2015,418,345,431,9,13,9,29,869,426,782,1753,12,20,1037,1123,491,1516,505,213,582,9,345,1,6,5,17,9,42,10,10,8
2206,"North Waghi District",22,"Jiwaka Province",20155,0.20155,2016,662,493,764,0,0,90,14,749,558,631,1641,111,15,706,1836,1045,4033,867,335,994,0,461,9,40,0,1,1,67,17,0,65
2206,"North Waghi District",22,"Jiwaka Province",20155,0.20155,2015,98,76,259,4,0,1,15,45,98,212,866,5,13,63,1280,574,2831,530,218,589,4,348,0,7,6,11,1,39,22,0,57
